id,lead_id,actor_id,action_type,details,created_at
002f3208-3ac1-4630-ab26-b09c463f9320,98115c48-b1e3-48ed-bb1e-9fee7a16e535,59d948a3-37c5-4a2d-b5fa-d41f92d8ef93,note_added,"{""call_outcome"": ""rnr""}",2026-05-30 10:58:46.134398+00
00928a20-60ab-4052-90f5-bc6f4df8dc1c,0df887da-8af3-46ee-a4e9-05c9786fa7bf,59d948a3-37c5-4a2d-b5fa-d41f92d8ef93,note_added,"{""call_outcome"": ""rnr""}",2026-06-02 10:38:57.217601+00
024049c1-5b6e-4694-8eff-d4deffdc0037,cd0cf0cf-243b-4718-a90b-78cc9f4f2eeb,59d948a3-37c5-4a2d-b5fa-d41f92d8ef93,status_changed,"{""new_status"": ""touched"", ""old_status"": ""new""}",2026-06-03 07:00:37.743937+00
02b126f1-2e4c-45ef-b265-67323242b49f,69cd3381-7b54-4ab1-a0fa-7a7582a9a0a8,59d948a3-37c5-4a2d-b5fa-d41f92d8ef93,call_logged,"{""outcome"": ""rnr"", ""call_count"": 1}",2026-05-30 11:03:14.53566+00
02f94df3-3470-4715-8e12-9d1ea817a160,dfac614c-348a-4a89-b5a8-5e443ee26d66,59d948a3-37c5-4a2d-b5fa-d41f92d8ef93,status_changed,"{""reason"": ""Not interested"", ""new_status"": ""junk"", ""old_status"": ""touched""}",2026-05-29 09:54:43.234174+00
0581be2c-9579-4457-83bf-fa4f84703076,e1161972-5b31-443a-a292-5b4d094cdaab,59d948a3-37c5-4a2d-b5fa-d41f92d8ef93,status_changed,"{""new_status"": ""touched"", ""old_status"": ""new""}",2026-06-01 12:16:59.187893+00
06b3b3e9-eee0-428d-b162-cdefb237c2bf,e1161972-5b31-443a-a292-5b4d094cdaab,59d948a3-37c5-4a2d-b5fa-d41f92d8ef93,note_added,"{""call_outcome"": ""rnr""}",2026-06-03 12:15:24.01412+00
08570b09-95c3-4646-aa9e-10e51b5601b7,254d91c0-0ffd-4d2c-840f-b828d2182d68,59d948a3-37c5-4a2d-b5fa-d41f92d8ef93,call_logged,"{""outcome"": ""conversing"", ""call_count"": 1}",2026-05-30 09:55:25.644503+00
0b7dafd6-97ab-4e81-a7d2-9c7143f130db,ef12f24c-7fab-439c-848e-356701aa598d,59d948a3-37c5-4a2d-b5fa-d41f92d8ef93,call_logged,"{""outcome"": ""rnr"", ""call_count"": 2}",2026-06-03 12:25:09.939284+00
0c3592bb-09c8-49c8-b22d-b7db706577cc,381b984b-6bfe-427b-a45a-2f36d9f60045,59d948a3-37c5-4a2d-b5fa-d41f92d8ef93,note_added,"{""call_outcome"": ""rnr""}",2026-06-01 12:19:44.71254+00
0cceefc9-eb75-45c6-bf4e-15f62aba9394,98115c48-b1e3-48ed-bb1e-9fee7a16e535,59d948a3-37c5-4a2d-b5fa-d41f92d8ef93,status_changed,"{""new_status"": ""touched"", ""old_status"": ""new""}",2026-05-30 10:58:46.134398+00
0cfec34a-c3f4-454f-b218-943e15387f27,dcc2db7a-9640-40d1-a933-3397d4a07f02,59d948a3-37c5-4a2d-b5fa-d41f92d8ef93,call_logged,"{""outcome"": ""conversing"", ""call_count"": 1}",2026-05-29 12:02:17.458406+00
0d6b55fe-94d4-47b8-b26e-953bfe614c7f,ab2dc3f8-2c3e-486f-812e-6c9fd4064dd6,59d948a3-37c5-4a2d-b5fa-d41f92d8ef93,status_changed,"{""new_status"": ""touched"", ""old_status"": ""new""}",2026-05-28 07:12:29.087612+00
0f462292-46e3-496d-ab11-eefe1b885a4b,c0522691-0dcf-4391-9d3b-c394ee8ca2fc,59d948a3-37c5-4a2d-b5fa-d41f92d8ef93,status_changed,"{""reason"": ""Not interested"", ""new_status"": ""junk"", ""old_status"": ""touched""}",2026-05-30 11:53:02.000675+00
1273e7c9-e12c-4465-8f6f-0b46090a5f5e,5e905eff-8e3c-4470-9d27-f1481ad9b8eb,59d948a3-37c5-4a2d-b5fa-d41f92d8ef93,call_logged,"{""outcome"": ""rnr"", ""call_count"": 1}",2026-06-01 07:46:52.405107+00
1418ad1f-b7cb-41af-a10b-d7bc79c06b49,510c6223-4266-4721-bdd2-342906c7aa68,59d948a3-37c5-4a2d-b5fa-d41f92d8ef93,call_logged,"{""outcome"": ""other"", ""call_count"": 1}",2026-05-30 10:59:07.240628+00
1741a921-af60-451e-bdc3-c563bbf0beb5,fb7a0de1-d2cd-4499-896a-985e87afb900,59d948a3-37c5-4a2d-b5fa-d41f92d8ef93,call_logged,"{""outcome"": ""other"", ""call_count"": 1}",2026-06-01 10:41:23.980282+00
18024f37-6090-4ac2-92ee-a81a1dd6583a,381b984b-6bfe-427b-a45a-2f36d9f60045,59d948a3-37c5-4a2d-b5fa-d41f92d8ef93,status_changed,"{""new_status"": ""touched"", ""old_status"": ""new""}",2026-06-01 12:19:44.71254+00
1a1f6a20-ef64-4cfe-be83-326c878eeabc,dc309f2f-e935-481f-8cb6-1de56b93e890,59d948a3-37c5-4a2d-b5fa-d41f92d8ef93,call_logged,"{""outcome"": ""rnr"", ""call_count"": 1}",2026-06-01 10:20:32.487634+00
1b38144b-709c-47c6-b57f-d6edddf46468,381b984b-6bfe-427b-a45a-2f36d9f60045,59d948a3-37c5-4a2d-b5fa-d41f92d8ef93,note_added,"{""call_outcome"": ""rnr""}",2026-06-02 10:05:31.326565+00
1b6309fe-131e-4214-b81e-a212e7318ba3,74dfebe4-3fb0-4c05-83c3-150a0963efb5,59d948a3-37c5-4a2d-b5fa-d41f92d8ef93,call_logged,"{""outcome"": ""conversing"", ""call_count"": 1}",2026-06-01 11:50:16.268848+00
1bec32c7-c38b-4fc1-92a5-90720da4f2d3,b174158c-9006-4bd2-a330-7ab104c76493,59d948a3-37c5-4a2d-b5fa-d41f92d8ef93,call_logged,"{""outcome"": ""conversing"", ""call_count"": 1}",2026-05-30 11:09:12.524403+00
1ca1c464-166b-4020-8b31-45dd335ff6d5,4fd36c83-9ca5-4237-93fc-2846cae30d76,59d948a3-37c5-4a2d-b5fa-d41f92d8ef93,call_logged,"{""outcome"": ""conversing"", ""call_count"": 1}",2026-06-02 10:00:58.842937+00
1daeda99-c3cf-4e7e-a17c-c948206d956f,521c1a02-15b8-4b96-b26f-d7e4774879c4,59d948a3-37c5-4a2d-b5fa-d41f92d8ef93,status_changed,"{""reason"": ""No response after multiple attempts"", ""new_status"": ""junk"", ""old_status"": ""touched""}",2026-05-30 09:38:11.302233+00
1fd1b02f-0b91-45af-b65c-46e6cf5688e8,e1161972-5b31-443a-a292-5b4d094cdaab,59d948a3-37c5-4a2d-b5fa-d41f92d8ef93,call_logged,"{""outcome"": ""rnr"", ""call_count"": 2}",2026-06-02 12:21:32.83848+00
1fd2d934-8eff-44ab-bf13-9c2f226d0de9,c731b181-11ba-4dcd-9906-ef0c3161d7da,59d948a3-37c5-4a2d-b5fa-d41f92d8ef93,status_changed,"{""new_status"": ""touched"", ""old_status"": ""new""}",2026-05-30 12:43:24.162744+00
202b3587-7f0b-4679-95cf-65f131a01eb4,e1161972-5b31-443a-a292-5b4d094cdaab,59d948a3-37c5-4a2d-b5fa-d41f92d8ef93,call_logged,"{""outcome"": ""rnr"", ""call_count"": 1}",2026-06-01 12:16:59.187893+00
205ace22-f7b2-440e-99ed-dbcb3a8b19a7,192d9b0c-c6c0-49af-9b0a-46d9be71af73,59d948a3-37c5-4a2d-b5fa-d41f92d8ef93,note_added,"{""call_outcome"": ""conversing""}",2026-05-30 09:22:40.476917+00
22f6c926-8b71-4449-b4de-d90631e2f82e,5e905eff-8e3c-4470-9d27-f1481ad9b8eb,59d948a3-37c5-4a2d-b5fa-d41f92d8ef93,call_logged,"{""outcome"": ""switched_off"", ""call_count"": 2}",2026-06-02 12:12:03.910658+00
23079923-9224-47fd-9da5-a07de146e921,8326d56e-367a-4b81-ba69-b2500de15404,59d948a3-37c5-4a2d-b5fa-d41f92d8ef93,call_logged,"{""outcome"": ""other"", ""call_count"": 1}",2026-05-30 09:15:20.644589+00
2307c5c4-d6da-4678-80d9-19e5b25e11ff,568ef8e4-2aa8-4306-89b5-d30d6cd7ba43,59d948a3-37c5-4a2d-b5fa-d41f92d8ef93,status_changed,"{""new_status"": ""in_discussion"", ""old_status"": ""touched""}",2026-05-28 06:31:27.460044+00
236c16ae-bffc-40a2-922c-cad97af39510,74dfebe4-3fb0-4c05-83c3-150a0963efb5,59d948a3-37c5-4a2d-b5fa-d41f92d8ef93,status_changed,"{""reason"": ""Not interested"", ""new_status"": ""junk"", ""old_status"": ""touched""}",2026-06-01 11:50:32.464836+00
241d450c-878e-4584-b240-043c9a6e5426,cd0cf0cf-243b-4718-a90b-78cc9f4f2eeb,59d948a3-37c5-4a2d-b5fa-d41f92d8ef93,note_added,"{""call_outcome"": ""rnr""}",2026-06-03 07:00:37.743937+00
2449f86d-24da-4af0-adc4-10e31aad73c7,22b673b3-ae1b-4fb6-a5d2-7504c41a515d,59d948a3-37c5-4a2d-b5fa-d41f92d8ef93,status_changed,"{""new_status"": ""touched"", ""old_status"": ""new""}",2026-06-03 07:05:05.842198+00
24750776-6e2f-4157-a28a-80aabba46f4f,ff275f19-9e05-4c25-a5b4-47970968042a,59d948a3-37c5-4a2d-b5fa-d41f92d8ef93,call_logged,"{""outcome"": ""rnr"", ""call_count"": 1}",2026-05-30 11:22:20.764265+00
258327a1-9aee-46a3-b2be-a3b7dd10d9cb,10e64dcd-b275-42bb-8f52-6e7f08095d96,59d948a3-37c5-4a2d-b5fa-d41f92d8ef93,note_added,"{""call_outcome"": ""other""}",2026-06-01 10:37:30.806371+00
298ee5fb-f549-4bd2-8d33-ac00827a2a9c,de76ad06-cf91-473f-8c40-2e88b719cc6e,59d948a3-37c5-4a2d-b5fa-d41f92d8ef93,status_changed,"{""new_status"": ""touched"", ""old_status"": ""new""}",2026-05-28 10:06:08.210516+00
2b2cc64f-a6d2-4cc0-8e71-f1bb2e4e5f6a,6f74864b-b072-4645-b9f5-28ad755ef908,59d948a3-37c5-4a2d-b5fa-d41f92d8ef93,note_added,"{""call_outcome"": ""conversing""}",2026-06-03 11:25:30.446354+00
2bceaaeb-2681-4222-a723-ddbd0522bd92,4fd00f17-e136-451b-9be9-db8cad11dadc,59d948a3-37c5-4a2d-b5fa-d41f92d8ef93,note_added,"{""call_outcome"": ""switched_off""}",2026-06-03 12:23:26.689369+00
2c2dbc96-1866-4b63-8aec-60eaa5db38e2,eb009328-63c3-4548-9b8e-bb61c7a6245a,59d948a3-37c5-4a2d-b5fa-d41f92d8ef93,call_logged,"{""outcome"": ""switched_off"", ""call_count"": 1}",2026-06-01 10:53:32.23841+00
2c6d082b-4717-49d5-bfe6-402ee6cdb166,ef6efcef-baf6-4ec5-b212-c078b03896fb,59d948a3-37c5-4a2d-b5fa-d41f92d8ef93,status_changed,"{""new_status"": ""touched"", ""old_status"": ""new""}",2026-06-01 10:18:09.572146+00
2d6c4634-2ce6-41de-91ad-fd8108e209b0,96cb39e1-ec04-4741-94fe-77348f79fbb7,59d948a3-37c5-4a2d-b5fa-d41f92d8ef93,call_logged,"{""outcome"": ""rnr"", ""call_count"": 1}",2026-06-01 07:38:50.237327+00
2e41efd1-c8cf-49cc-8105-2a929bc37530,4fd00f17-e136-451b-9be9-db8cad11dadc,59d948a3-37c5-4a2d-b5fa-d41f92d8ef93,note_added,"{""call_outcome"": ""rnr""}",2026-06-01 10:38:55.340747+00
2ec415e4-3927-4c74-bf5f-b0137999ccc5,1061f6cc-7689-4efa-b8e6-58a33e0b8423,59d948a3-37c5-4a2d-b5fa-d41f92d8ef93,status_changed,"{""new_status"": ""touched"", ""old_status"": ""new""}",2026-06-03 09:15:17.117364+00
30e5d050-539d-4257-81bc-bbde857b1058,1b485cda-e973-40c7-8b7c-95ab4d74e46d,59d948a3-37c5-4a2d-b5fa-d41f92d8ef93,call_logged,"{""outcome"": ""conversing"", ""call_count"": 1}",2026-05-30 11:38:13.86267+00
32f5f925-e3cf-4f16-a360-f8bb9d7021e3,0df887da-8af3-46ee-a4e9-05c9786fa7bf,59d948a3-37c5-4a2d-b5fa-d41f92d8ef93,call_logged,"{""outcome"": ""rnr"", ""call_count"": 3}",2026-06-03 12:26:34.822373+00
335aee87-45b9-489d-8fdc-cf40fd38a70c,db3b7e3e-dd5c-4a9a-83ed-7e338948730b,59d948a3-37c5-4a2d-b5fa-d41f92d8ef93,status_changed,"{""new_status"": ""touched"", ""old_status"": ""new""}",2026-05-28 09:51:09.143206+00
376c761a-e2ae-4bdb-a77f-6c33c77c234a,ef6efcef-baf6-4ec5-b212-c078b03896fb,59d948a3-37c5-4a2d-b5fa-d41f92d8ef93,call_logged,"{""outcome"": ""rnr"", ""call_count"": 2}",2026-06-02 12:24:40.726296+00
37c8697a-4c7e-4f87-a7a8-537802e7b537,4fd00f17-e136-451b-9be9-db8cad11dadc,59d948a3-37c5-4a2d-b5fa-d41f92d8ef93,call_logged,"{""outcome"": ""rnr"", ""call_count"": 1}",2026-06-01 10:38:55.340747+00
385e5e0a-38e2-46e4-bfe4-5648edca6e71,96cb39e1-ec04-4741-94fe-77348f79fbb7,59d948a3-37c5-4a2d-b5fa-d41f92d8ef93,status_changed,"{""new_status"": ""touched"", ""old_status"": ""new""}",2026-06-01 07:38:50.237327+00
392eb4cb-7f2d-4c08-b0d3-f8f3b4a7653d,a9db15ce-94e3-4b68-bbcd-f8609b9c8d2b,59d948a3-37c5-4a2d-b5fa-d41f92d8ef93,call_logged,"{""outcome"": ""conversing"", ""call_count"": 1}",2026-05-30 11:10:24.775093+00
39fbe927-1858-48b4-86da-ae9a3e355af0,d20c9cf8-fa33-4a92-b6f0-53bbac2d7dc8,59d948a3-37c5-4a2d-b5fa-d41f92d8ef93,call_logged,"{""outcome"": ""conversing"", ""call_count"": 1}",2026-05-30 09:25:11.730621+00
3c4e6b5b-4204-46b7-93f4-8edded654fa7,8326d56e-367a-4b81-ba69-b2500de15404,59d948a3-37c5-4a2d-b5fa-d41f92d8ef93,status_changed,"{""reason"": ""Not interested"", ""new_status"": ""junk"", ""old_status"": ""touched""}",2026-05-30 09:15:34.601663+00
3d0d22c7-4eaf-4a5a-b522-f71bbaa932ad,98115c48-b1e3-48ed-bb1e-9fee7a16e535,59d948a3-37c5-4a2d-b5fa-d41f92d8ef93,call_logged,"{""outcome"": ""rnr"", ""call_count"": 1}",2026-05-30 10:58:46.134398+00
3e29ceec-203c-4612-9bfe-029140cc42da,dcc2db7a-9640-40d1-a933-3397d4a07f02,59d948a3-37c5-4a2d-b5fa-d41f92d8ef93,note_added,"{""call_outcome"": ""conversing""}",2026-05-29 12:02:17.713646+00
3e72f470-19ee-4a63-a7b6-db2920f889ea,521c1a02-15b8-4b96-b26f-d7e4774879c4,59d948a3-37c5-4a2d-b5fa-d41f92d8ef93,call_logged,"{""outcome"": ""other"", ""call_count"": 1}",2026-05-29 09:45:36.604855+00
3e8c399a-d54a-4ec8-8a92-5be3d610eeaa,a5022d05-e665-4cb6-aa25-c37f100b16a3,59d948a3-37c5-4a2d-b5fa-d41f92d8ef93,call_logged,"{""outcome"": ""rnr"", ""call_count"": 1}",2026-06-01 10:49:23.721388+00
3fc75ee5-82c5-49f7-bf2c-45aca9c03d7d,308fa94b-6923-48c2-83f6-bd7ab0f5111f,59d948a3-37c5-4a2d-b5fa-d41f92d8ef93,call_logged,"{""outcome"": ""rnr"", ""call_count"": 1}",2026-06-03 11:22:43.290534+00
3fe2c13e-7b97-4bb1-b3be-a7536de9e9aa,568ef8e4-2aa8-4306-89b5-d30d6cd7ba43,59d948a3-37c5-4a2d-b5fa-d41f92d8ef93,call_logged,"{""outcome"": ""rnr"", ""call_count"": 2}",2026-05-28 06:48:22.54116+00
40596c1a-6ddc-4670-9e91-41ab38f54162,308fa94b-6923-48c2-83f6-bd7ab0f5111f,59d948a3-37c5-4a2d-b5fa-d41f92d8ef93,status_changed,"{""new_status"": ""touched"", ""old_status"": ""new""}",2026-06-03 11:22:43.290534+00
452d0949-ed30-4f82-9c7e-c7710de0ca18,308fa94b-6923-48c2-83f6-bd7ab0f5111f,59d948a3-37c5-4a2d-b5fa-d41f92d8ef93,note_added,"{""call_outcome"": ""rnr""}",2026-06-03 11:22:43.290534+00
45dd79c6-0a57-4db7-8cf4-17069e43f47d,0df887da-8af3-46ee-a4e9-05c9786fa7bf,59d948a3-37c5-4a2d-b5fa-d41f92d8ef93,status_changed,"{""reason"": ""RNR — No Response- multiple attempt"", ""new_status"": ""junk"", ""old_status"": ""touched""}",2026-06-03 12:26:52.808777+00
45f4a664-bff8-46ef-94a4-c003a5004812,326eb798-0010-46bf-9748-e4a89910b1bc,59d948a3-37c5-4a2d-b5fa-d41f92d8ef93,status_changed,"{""reason"": ""Not interested"", ""new_status"": ""junk"", ""old_status"": ""touched""}",2026-05-30 11:11:13.649592+00
49cf35ce-2827-4022-b875-4c97f7368d4f,420a5b92-e4a4-4e01-abbd-546531af380a,59d948a3-37c5-4a2d-b5fa-d41f92d8ef93,note_added,"{""call_outcome"": ""rnr""}",2026-06-01 10:23:07.997938+00
49f3a2cc-7832-4d78-bd2f-a36fcbe09ff1,96cb39e1-ec04-4741-94fe-77348f79fbb7,59d948a3-37c5-4a2d-b5fa-d41f92d8ef93,note_added,"{""call_outcome"": ""rnr""}",2026-06-01 07:38:50.237327+00
4a3522f5-4342-40fc-8150-8232a2cbdcea,853a1c43-35b2-48f6-937a-5caa114cb5f7,59d948a3-37c5-4a2d-b5fa-d41f92d8ef93,status_changed,"{""new_status"": ""touched"", ""old_status"": ""new""}",2026-05-28 06:52:50.675291+00
4b2db0e0-61e9-447d-86fc-d20df76090b0,254d91c0-0ffd-4d2c-840f-b828d2182d68,59d948a3-37c5-4a2d-b5fa-d41f92d8ef93,note_added,"{""call_outcome"": ""conversing""}",2026-05-30 09:55:25.644503+00
4bec0080-e318-45e0-8497-c792bed96313,dfac614c-348a-4a89-b5a8-5e443ee26d66,59d948a3-37c5-4a2d-b5fa-d41f92d8ef93,call_logged,"{""outcome"": ""conversing"", ""call_count"": 1}",2026-05-29 09:54:20.911868+00
4d380f98-0a56-44de-9b78-85db9dd9f02a,853a1c43-35b2-48f6-937a-5caa114cb5f7,59d948a3-37c5-4a2d-b5fa-d41f92d8ef93,call_logged,"{""outcome"": ""other"", ""call_count"": 1}",2026-05-28 06:52:49.68945+00
4d7df6db-f79b-42ae-9a28-b210207af288,4fd00f17-e136-451b-9be9-db8cad11dadc,59d948a3-37c5-4a2d-b5fa-d41f92d8ef93,call_logged,"{""outcome"": ""switched_off"", ""call_count"": 2}",2026-06-03 12:23:26.689369+00
4f267c4b-b203-48d9-8c53-9ea81fac203c,c731b181-11ba-4dcd-9906-ef0c3161d7da,59d948a3-37c5-4a2d-b5fa-d41f92d8ef93,status_changed,"{""new_status"": ""in_discussion"", ""old_status"": ""touched""}",2026-05-30 12:43:27.090354+00
554db269-2403-40f9-927b-d24068003d51,1f570898-9ce3-4f26-8bb8-7265bb97b8d2,59d948a3-37c5-4a2d-b5fa-d41f92d8ef93,call_logged,"{""outcome"": ""rnr"", ""call_count"": 2}",2026-06-03 12:29:27.389184+00
55afbcf4-f513-4c39-911c-181fd27b41ba,568ef8e4-2aa8-4306-89b5-d30d6cd7ba43,59d948a3-37c5-4a2d-b5fa-d41f92d8ef93,status_changed,"{""new_status"": ""touched"", ""old_status"": ""new""}",2026-05-28 06:30:48.188867+00
58d70eae-0b76-42c2-93da-214ad63f9692,192d9b0c-c6c0-49af-9b0a-46d9be71af73,59d948a3-37c5-4a2d-b5fa-d41f92d8ef93,call_logged,"{""outcome"": ""conversing"", ""call_count"": 1}",2026-05-30 09:22:40.476917+00
5c6be2b1-4d12-4492-8a34-096bfefc0014,ba4148d2-949b-4e48-ad02-8aaccffdec0d,59d948a3-37c5-4a2d-b5fa-d41f92d8ef93,status_changed,"{""new_status"": ""touched"", ""old_status"": ""new""}",2026-05-28 07:10:04.552316+00
5d281611-7472-4c3a-87bf-b1112ca34ab2,e1161972-5b31-443a-a292-5b4d094cdaab,59d948a3-37c5-4a2d-b5fa-d41f92d8ef93,note_added,"{""call_outcome"": ""rnr""}",2026-06-01 12:16:59.187893+00
5d55c07a-382b-4343-913a-a7150a88a091,0be4edb1-2d6a-4bd0-9596-78b02767c1a1,59d948a3-37c5-4a2d-b5fa-d41f92d8ef93,note_added,"{""call_outcome"": ""other""}",2026-05-30 09:16:40.165446+00
5dc192f9-c58a-447d-9c04-ab9e37ba4e95,420a5b92-e4a4-4e01-abbd-546531af380a,59d948a3-37c5-4a2d-b5fa-d41f92d8ef93,status_changed,"{""reason"": ""Not our TG — Out of budget"", ""new_status"": ""junk"", ""old_status"": ""touched""}",2026-06-03 11:38:15.316766+00
5f831bdc-fbc0-4c71-96f7-6308b02a6b8d,4fd36c83-9ca5-4237-93fc-2846cae30d76,59d948a3-37c5-4a2d-b5fa-d41f92d8ef93,status_changed,"{""new_status"": ""touched"", ""old_status"": ""new""}",2026-06-02 10:00:58.842937+00
6170f0ca-3ca9-42f5-8e37-f8f3571ec6fd,ff275f19-9e05-4c25-a5b4-47970968042a,59d948a3-37c5-4a2d-b5fa-d41f92d8ef93,note_added,"{""call_outcome"": ""rnr""}",2026-05-30 11:22:20.764265+00
6179a7fa-734e-4424-950d-a812a4af8106,1f570898-9ce3-4f26-8bb8-7265bb97b8d2,59d948a3-37c5-4a2d-b5fa-d41f92d8ef93,status_changed,"{""new_status"": ""touched"", ""old_status"": ""new""}",2026-06-02 10:11:58.733299+00
6401521a-c557-4162-a31a-c7022d67802f,8326d56e-367a-4b81-ba69-b2500de15404,59d948a3-37c5-4a2d-b5fa-d41f92d8ef93,note_added,"{""call_outcome"": ""other""}",2026-05-30 09:15:20.644589+00
64567914-a279-4891-974d-5e08eb01a177,4fd36c83-9ca5-4237-93fc-2846cae30d76,59d948a3-37c5-4a2d-b5fa-d41f92d8ef93,note_added,"{""call_outcome"": ""conversing""}",2026-06-02 10:00:58.842937+00
6523cdbc-4168-4996-ae40-944c3f059e02,4a118361-17c4-4bd6-88cf-21adb788e5c7,59d948a3-37c5-4a2d-b5fa-d41f92d8ef93,note_added,"{""call_outcome"": ""rnr""}",2026-06-03 11:41:48.993363+00
666f0b71-0252-4550-a732-de8e5143240f,0df887da-8af3-46ee-a4e9-05c9786fa7bf,59d948a3-37c5-4a2d-b5fa-d41f92d8ef93,note_added,"{""call_outcome"": ""rnr""}",2026-06-03 12:26:34.822373+00
67508435-8124-45af-a757-026882bdbdc3,b1e888de-3455-4a48-977e-02473f2165a0,59d948a3-37c5-4a2d-b5fa-d41f92d8ef93,note_added,"{""call_outcome"": ""rnr""}",2026-05-30 09:44:50.799194+00
678a83e7-e32f-4ba0-8bca-46017b8e8eb5,de76ad06-cf91-473f-8c40-2e88b719cc6e,59d948a3-37c5-4a2d-b5fa-d41f92d8ef93,note_added,"{""call_outcome"": ""other""}",2026-05-28 10:06:07.959628+00
68391910-4d25-4969-bdda-48e17b399d77,eb539712-dda0-49c4-9740-11ac72f644ea,59d948a3-37c5-4a2d-b5fa-d41f92d8ef93,call_logged,"{""outcome"": ""conversing"", ""call_count"": 1}",2026-06-01 10:50:15.690443+00
689ecbbc-3d82-4291-bc17-9178d7e777c6,e68fae45-816f-4aab-9d91-a672607b5cd5,59d948a3-37c5-4a2d-b5fa-d41f92d8ef93,call_logged,"{""outcome"": ""rnr"", ""call_count"": 1}",2026-05-30 10:15:42.737801+00
68c245dc-2bc7-4a85-9c5f-081726f2502b,eb009328-63c3-4548-9b8e-bb61c7a6245a,59d948a3-37c5-4a2d-b5fa-d41f92d8ef93,status_changed,"{""reason"": ""Not interested"", ""new_status"": ""junk"", ""old_status"": ""touched""}",2026-06-02 12:10:41.844991+00
69005d40-2dbb-42c0-9758-54e7aad2ea78,db3b7e3e-dd5c-4a9a-83ed-7e338948730b,59d948a3-37c5-4a2d-b5fa-d41f92d8ef93,call_logged,"{""outcome"": ""conversing"", ""call_count"": 1}",2026-05-28 09:51:08.157473+00
6a4c7250-efb5-4a02-9208-36b22b6c33c9,dc309f2f-e935-481f-8cb6-1de56b93e890,59d948a3-37c5-4a2d-b5fa-d41f92d8ef93,note_added,"{""call_outcome"": ""rnr""}",2026-06-03 12:09:41.2518+00
6b81e2dc-06a0-46d6-aa89-2a746307151e,ba4148d2-949b-4e48-ad02-8aaccffdec0d,59d948a3-37c5-4a2d-b5fa-d41f92d8ef93,call_logged,"{""outcome"": ""switched_off"", ""call_count"": 1}",2026-05-28 07:10:04.018255+00
6d1216cd-c666-462a-9432-f3e49522c68c,60e8f808-4847-4a94-88f5-46dd829d521e,59d948a3-37c5-4a2d-b5fa-d41f92d8ef93,note_added,"{""call_outcome"": ""rnr""}",2026-06-03 09:13:22.194325+00
6d1abf9f-56c6-48e8-a605-60d424cd75eb,0be4edb1-2d6a-4bd0-9596-78b02767c1a1,59d948a3-37c5-4a2d-b5fa-d41f92d8ef93,call_logged,"{""outcome"": ""other"", ""call_count"": 1}",2026-05-30 09:16:40.165446+00
6f22560c-be6b-4fe6-9ea9-0c2d874bcdf2,96cb39e1-ec04-4741-94fe-77348f79fbb7,59d948a3-37c5-4a2d-b5fa-d41f92d8ef93,note_added,"{""call_outcome"": ""rnr""}",2026-06-03 11:28:21.69406+00
72921512-43e5-44d7-b1cd-fd66d531b41c,6f74864b-b072-4645-b9f5-28ad755ef908,59d948a3-37c5-4a2d-b5fa-d41f92d8ef93,call_logged,"{""outcome"": ""conversing"", ""call_count"": 2}",2026-06-03 11:25:30.446354+00
74fdce94-5a9b-44cb-ba79-26515c362b3b,e68fae45-816f-4aab-9d91-a672607b5cd5,59d948a3-37c5-4a2d-b5fa-d41f92d8ef93,note_added,"{""call_outcome"": ""rnr""}",2026-05-30 10:15:42.737801+00
75c63f18-d1a2-451d-b8b4-037e9e9fb49b,0f8cbcb9-0b1e-45e3-8284-351e30ec75df,59d948a3-37c5-4a2d-b5fa-d41f92d8ef93,call_logged,"{""outcome"": ""other"", ""call_count"": 1}",2026-06-01 10:21:25.111861+00
75ddda1b-05ca-4078-a1b5-aaa76be5fd01,dc309f2f-e935-481f-8cb6-1de56b93e890,59d948a3-37c5-4a2d-b5fa-d41f92d8ef93,note_added,"{""call_outcome"": ""rnr""}",2026-06-01 10:20:32.487634+00
765ea12c-096f-47f3-9585-0942e93949c5,420a5b92-e4a4-4e01-abbd-546531af380a,59d948a3-37c5-4a2d-b5fa-d41f92d8ef93,status_changed,"{""new_status"": ""touched"", ""old_status"": ""new""}",2026-06-01 10:23:07.997938+00
788c9b27-87a0-4a53-bb0d-470bdbded3c2,254d91c0-0ffd-4d2c-840f-b828d2182d68,59d948a3-37c5-4a2d-b5fa-d41f92d8ef93,status_changed,"{""reason"": ""Not interested"", ""new_status"": ""junk"", ""old_status"": ""touched""}",2026-05-30 09:55:32.508427+00
7a70bd39-73d3-4189-a3e2-ecab0fc3be49,1f570898-9ce3-4f26-8bb8-7265bb97b8d2,59d948a3-37c5-4a2d-b5fa-d41f92d8ef93,note_added,"{""call_outcome"": ""rnr""}",2026-06-03 12:29:27.389184+00
7bb4dc9f-0ff5-4714-b92f-393176a1f797,b1e888de-3455-4a48-977e-02473f2165a0,59d948a3-37c5-4a2d-b5fa-d41f92d8ef93,call_logged,"{""outcome"": ""rnr"", ""call_count"": 1}",2026-05-28 06:47:47.030671+00
7cbc8b39-e3e2-48e7-b5da-8db38f3fe2a5,6624126d-0ee8-4d84-888b-4107582f3cd0,59d948a3-37c5-4a2d-b5fa-d41f92d8ef93,status_changed,"{""reason"": ""Not interested"", ""new_status"": ""junk"", ""old_status"": ""touched""}",2026-06-01 10:43:56.66707+00
7d01b6bf-6a43-4962-b3f4-a4f6ac09c728,dcc2db7a-9640-40d1-a933-3397d4a07f02,59d948a3-37c5-4a2d-b5fa-d41f92d8ef93,note_added,"{""call_outcome"": ""conversing""}",2026-05-30 09:42:22.596971+00
7ddc9ba4-41a3-4339-b286-82f25f11eeed,cf65d3db-cd2d-4652-ab06-b5b38ae423c7,59d948a3-37c5-4a2d-b5fa-d41f92d8ef93,note_added,"{""call_outcome"": ""rnr""}",2026-06-01 10:52:40.322983+00
7e1b8962-267e-4401-afce-8b22dd3624f9,5468f86f-e894-4fb2-b2c1-7f6039585dcd,59d948a3-37c5-4a2d-b5fa-d41f92d8ef93,note_added,"{""call_outcome"": ""conversing""}",2026-05-30 10:01:03.15189+00
7ead4775-0e7c-412d-a760-003c830e0659,60e8f808-4847-4a94-88f5-46dd829d521e,59d948a3-37c5-4a2d-b5fa-d41f92d8ef93,status_changed,"{""new_status"": ""touched"", ""old_status"": ""new""}",2026-06-03 09:13:22.194325+00
7ecaaa61-805b-4359-a29f-4097ace9fef5,ab2dc3f8-2c3e-486f-812e-6c9fd4064dd6,59d948a3-37c5-4a2d-b5fa-d41f92d8ef93,call_logged,"{""outcome"": ""conversing"", ""call_count"": 1}",2026-05-28 07:12:28.114733+00
7fe81050-3bf4-40c8-83f2-b24cb1038151,b174158c-9006-4bd2-a330-7ab104c76493,59d948a3-37c5-4a2d-b5fa-d41f92d8ef93,note_added,"{""call_outcome"": ""conversing""}",2026-05-30 11:09:12.524403+00
8032d03e-b1fd-4208-813b-ef38d3724629,dcc2db7a-9640-40d1-a933-3397d4a07f02,59d948a3-37c5-4a2d-b5fa-d41f92d8ef93,status_changed,"{""new_status"": ""touched"", ""old_status"": ""new""}",2026-05-29 12:02:18.461913+00
8339cc2b-c9e0-4268-9e05-02a2f14ce2f4,ef12f24c-7fab-439c-848e-356701aa598d,59d948a3-37c5-4a2d-b5fa-d41f92d8ef93,note_added,"{""call_outcome"": ""rnr""}",2026-06-03 12:25:09.939284+00
83a347fb-0086-4b3f-87c9-ef82cc3b8ee8,0df887da-8af3-46ee-a4e9-05c9786fa7bf,59d948a3-37c5-4a2d-b5fa-d41f92d8ef93,status_changed,"{""new_status"": ""touched"", ""old_status"": ""new""}",2026-06-01 10:19:34.037279+00
844fa7fc-d2ea-48f3-b06c-43ebcfb1123a,192d9b0c-c6c0-49af-9b0a-46d9be71af73,59d948a3-37c5-4a2d-b5fa-d41f92d8ef93,status_changed,"{""new_status"": ""touched"", ""old_status"": ""new""}",2026-05-30 09:22:40.476917+00
87907e17-f9a4-437d-b4ea-934cf7d4bfae,521c1a02-15b8-4b96-b26f-d7e4774879c4,59d948a3-37c5-4a2d-b5fa-d41f92d8ef93,note_added,"{""call_outcome"": ""other""}",2026-05-29 09:45:36.86358+00
88682eac-a3e2-4a2a-b966-eb398e12ed0a,12cb1543-5c40-4f89-b599-e257aefadcdd,59d948a3-37c5-4a2d-b5fa-d41f92d8ef93,status_changed,"{""reason"": ""Not interested"", ""new_status"": ""junk"", ""old_status"": ""touched""}",2026-05-30 11:32:17.38604+00
8922257c-5302-4921-a331-e8d160f0f9d3,420a5b92-e4a4-4e01-abbd-546531af380a,59d948a3-37c5-4a2d-b5fa-d41f92d8ef93,note_added,"{""call_outcome"": ""conversing""}",2026-06-03 11:37:55.576323+00
8947cf06-2eb5-4afc-9841-b488fe1b453e,dfac614c-348a-4a89-b5a8-5e443ee26d66,59d948a3-37c5-4a2d-b5fa-d41f92d8ef93,status_changed,"{""new_status"": ""touched"", ""old_status"": ""new""}",2026-05-29 09:54:21.953466+00
8a3bf72d-9d7b-486f-bc6a-6062e5758768,ef6efcef-baf6-4ec5-b212-c078b03896fb,59d948a3-37c5-4a2d-b5fa-d41f92d8ef93,call_logged,"{""outcome"": ""rnr"", ""call_count"": 1}",2026-06-01 10:18:09.572146+00
8ab4af56-d5e7-4a44-87de-e007c9d3d4b7,ef6efcef-baf6-4ec5-b212-c078b03896fb,59d948a3-37c5-4a2d-b5fa-d41f92d8ef93,note_added,"{""call_outcome"": ""rnr""}",2026-06-01 10:18:09.572146+00
8cf51e93-9b49-48d6-be48-e5f0d6b9f1e2,4a118361-17c4-4bd6-88cf-21adb788e5c7,59d948a3-37c5-4a2d-b5fa-d41f92d8ef93,call_logged,"{""outcome"": ""rnr"", ""call_count"": 2}",2026-06-03 11:41:48.993363+00
8d92e10e-6462-445a-b502-e5e03997ffb3,dc309f2f-e935-481f-8cb6-1de56b93e890,59d948a3-37c5-4a2d-b5fa-d41f92d8ef93,status_changed,"{""new_status"": ""touched"", ""old_status"": ""new""}",2026-06-01 10:20:32.487634+00
8dd50401-8445-4f7b-a2d8-317a1832d3c6,7f56035b-07cf-4847-be12-823c6a04d2ff,59d948a3-37c5-4a2d-b5fa-d41f92d8ef93,status_changed,"{""reason"": ""Not interested"", ""new_status"": ""junk"", ""old_status"": ""touched""}",2026-05-30 11:00:01.235446+00
8e53b554-6c3d-4c69-abe0-313619ab74af,568ef8e4-2aa8-4306-89b5-d30d6cd7ba43,59d948a3-37c5-4a2d-b5fa-d41f92d8ef93,call_logged,"{""outcome"": ""rnr"", ""call_count"": 1}",2026-05-28 06:30:47.655505+00
8e88620e-9ae9-4314-8475-9c0c8fbbe64c,5791581b-45f4-4f50-9dd2-69106e9b0e1c,59d948a3-37c5-4a2d-b5fa-d41f92d8ef93,status_changed,"{""reason"": ""Not interested"", ""new_status"": ""junk"", ""old_status"": ""touched""}",2026-05-30 11:01:13.602392+00
8f7f8c6b-cd53-4b79-b59f-4cd7bb4bcedb,a9db15ce-94e3-4b68-bbcd-f8609b9c8d2b,59d948a3-37c5-4a2d-b5fa-d41f92d8ef93,note_added,"{""call_outcome"": ""conversing""}",2026-05-30 11:10:24.775093+00
8ff1e20f-3203-4488-b65c-330bcce17206,5468f86f-e894-4fb2-b2c1-7f6039585dcd,59d948a3-37c5-4a2d-b5fa-d41f92d8ef93,call_logged,"{""outcome"": ""conversing"", ""call_count"": 1}",2026-05-30 10:01:03.15189+00
9056d076-cfd8-45b7-aa5e-006f61ddfd1a,a5022d05-e665-4cb6-aa25-c37f100b16a3,59d948a3-37c5-4a2d-b5fa-d41f92d8ef93,note_added,"{""call_outcome"": ""rnr""}",2026-06-02 10:43:43.714001+00
918b84d4-c0da-4d6d-a54d-4faa388ab25b,6f74864b-b072-4645-b9f5-28ad755ef908,59d948a3-37c5-4a2d-b5fa-d41f92d8ef93,status_changed,"{""new_status"": ""touched"", ""old_status"": ""new""}",2026-06-02 10:14:21.114486+00
91fc060e-2f68-4a32-8337-ae5bad1cb315,74dfebe4-3fb0-4c05-83c3-150a0963efb5,59d948a3-37c5-4a2d-b5fa-d41f92d8ef93,status_changed,"{""new_status"": ""touched"", ""old_status"": ""new""}",2026-06-01 11:50:16.268848+00
95697569-7de0-41bf-95e9-a3ff10bcc999,c205bb68-0756-4710-85e2-2590c8352455,59d948a3-37c5-4a2d-b5fa-d41f92d8ef93,note_added,"{""call_outcome"": ""other""}",2026-06-01 07:44:01.20926+00
968dcb6a-4f34-40bd-aeda-c2dcbfffa455,5791581b-45f4-4f50-9dd2-69106e9b0e1c,59d948a3-37c5-4a2d-b5fa-d41f92d8ef93,call_logged,"{""outcome"": ""conversing"", ""call_count"": 1}",2026-05-30 11:01:07.123112+00
9b45fa70-9cb3-44bd-9dfb-379fba4b854d,c46f7276-800c-4096-8d70-60fd28a206e7,59d948a3-37c5-4a2d-b5fa-d41f92d8ef93,call_logged,"{""outcome"": ""rnr"", ""call_count"": 2}",2026-06-03 12:11:55.542451+00
9e340134-1053-4de8-9932-2c1cb1030e01,22b673b3-ae1b-4fb6-a5d2-7504c41a515d,59d948a3-37c5-4a2d-b5fa-d41f92d8ef93,call_logged,"{""outcome"": ""conversing"", ""call_count"": 1}",2026-06-03 07:05:05.842198+00
9f47f933-f342-4fa7-949a-62148c97ad49,ef6efcef-baf6-4ec5-b212-c078b03896fb,59d948a3-37c5-4a2d-b5fa-d41f92d8ef93,note_added,"{""call_outcome"": ""rnr""}",2026-06-02 12:24:40.726296+00
9fe3f1c5-fa19-4ecc-ab14-939db9bdad4a,eb539712-dda0-49c4-9740-11ac72f644ea,59d948a3-37c5-4a2d-b5fa-d41f92d8ef93,note_added,"{""call_outcome"": ""rnr""}",2026-06-02 12:20:01.902847+00
a23a187e-7469-4a8b-9658-dce27ec89c53,c46f7276-800c-4096-8d70-60fd28a206e7,59d948a3-37c5-4a2d-b5fa-d41f92d8ef93,call_logged,"{""outcome"": ""rnr"", ""call_count"": 1}",2026-06-01 10:42:49.606243+00
a40f4d64-4ddd-4b8a-a0d6-58dfebc3f22f,a599bd85-1489-413b-8d35-a015c28b4687,59d948a3-37c5-4a2d-b5fa-d41f92d8ef93,status_changed,"{""new_status"": ""touched"", ""old_status"": ""new""}",2026-06-02 10:06:36.905178+00
a5e74759-3d81-4603-a2ac-24d390bdbdda,853a1c43-35b2-48f6-937a-5caa114cb5f7,59d948a3-37c5-4a2d-b5fa-d41f92d8ef93,note_added,"{""call_outcome"": ""other""}",2026-05-28 06:52:50.419178+00
a6387559-d9c5-4e59-b894-edf64f1e1f74,69cd3381-7b54-4ab1-a0fa-7a7582a9a0a8,59d948a3-37c5-4a2d-b5fa-d41f92d8ef93,note_added,"{""call_outcome"": ""conversing""}",2026-05-30 11:03:56.733873+00
a6abf074-e8a5-4695-82c0-b3cdd54294c6,568ef8e4-2aa8-4306-89b5-d30d6cd7ba43,59d948a3-37c5-4a2d-b5fa-d41f92d8ef93,note_added,"{""call_outcome"": ""rnr""}",2026-05-28 06:48:23.317056+00
a7d8e61f-a28d-4e51-a7ca-4a8ff219eb89,c731b181-11ba-4dcd-9906-ef0c3161d7da,59d948a3-37c5-4a2d-b5fa-d41f92d8ef93,call_logged,"{""outcome"": ""conversing"", ""call_count"": 1}",2026-05-30 12:43:24.162744+00
ab9631d6-4dbd-49e8-befe-34eb850e852c,dcc2db7a-9640-40d1-a933-3397d4a07f02,59d948a3-37c5-4a2d-b5fa-d41f92d8ef93,call_logged,"{""outcome"": ""conversing"", ""call_count"": 2}",2026-05-30 09:42:22.596971+00
ad20f771-6003-41bf-a45f-8be8386bb010,e1161972-5b31-443a-a292-5b4d094cdaab,59d948a3-37c5-4a2d-b5fa-d41f92d8ef93,call_logged,"{""outcome"": ""rnr"", ""call_count"": 3}",2026-06-03 12:15:24.01412+00
adf9b5b9-1fda-48c7-bc76-b9fa8e0f10c5,5e905eff-8e3c-4470-9d27-f1481ad9b8eb,59d948a3-37c5-4a2d-b5fa-d41f92d8ef93,note_added,"{""call_outcome"": ""switched_off""}",2026-06-02 12:12:03.910658+00
afa11dc7-2c85-46ad-bfb4-2915897d8413,5e905eff-8e3c-4470-9d27-f1481ad9b8eb,59d948a3-37c5-4a2d-b5fa-d41f92d8ef93,status_changed,"{""new_status"": ""touched"", ""old_status"": ""new""}",2026-06-01 07:46:52.405107+00
b0e8593e-7d23-4870-814d-9d68428d0a86,d20c9cf8-fa33-4a92-b6f0-53bbac2d7dc8,59d948a3-37c5-4a2d-b5fa-d41f92d8ef93,note_added,"{""call_outcome"": ""conversing""}",2026-05-30 09:25:11.730621+00
b0ea50b0-498e-475b-a8d4-478fa820f4b3,863ccfea-dd95-4686-816a-e1bf89143cf6,59d948a3-37c5-4a2d-b5fa-d41f92d8ef93,status_changed,"{""reason"": ""Not interested"", ""new_status"": ""junk"", ""old_status"": ""touched""}",2026-05-30 10:16:31.79388+00
b1f86ea3-e58c-4778-95a0-8aa6fee098c4,b1e888de-3455-4a48-977e-02473f2165a0,59d948a3-37c5-4a2d-b5fa-d41f92d8ef93,call_logged,"{""outcome"": ""rnr"", ""call_count"": 2}",2026-05-30 09:44:50.799194+00
b315e43a-23d7-42f1-b046-f635f0b02f10,510c6223-4266-4721-bdd2-342906c7aa68,59d948a3-37c5-4a2d-b5fa-d41f92d8ef93,status_changed,"{""reason"": ""Spam / bot submission"", ""new_status"": ""junk"", ""old_status"": ""touched""}",2026-05-30 10:59:19.775047+00
b31a1a65-88dd-4670-a66d-a359a535e833,ab2dc3f8-2c3e-486f-812e-6c9fd4064dd6,59d948a3-37c5-4a2d-b5fa-d41f92d8ef93,note_added,"{""call_outcome"": ""conversing""}",2026-05-28 07:12:28.363693+00
b3ed5ca6-cf34-43c7-a1be-e4ea75f9080d,c46f7276-800c-4096-8d70-60fd28a206e7,59d948a3-37c5-4a2d-b5fa-d41f92d8ef93,note_added,"{""call_outcome"": ""rnr""}",2026-06-03 12:11:55.542451+00
b643b2fe-f143-4849-890b-b23300d5077f,a5022d05-e665-4cb6-aa25-c37f100b16a3,59d948a3-37c5-4a2d-b5fa-d41f92d8ef93,note_added,"{""call_outcome"": ""rnr""}",2026-06-03 12:28:09.403115+00
b67b60e5-5e3d-438e-b1f9-771b39e3c7ca,420a5b92-e4a4-4e01-abbd-546531af380a,59d948a3-37c5-4a2d-b5fa-d41f92d8ef93,call_logged,"{""outcome"": ""conversing"", ""call_count"": 2}",2026-06-03 11:37:55.576323+00
b74e8ee9-f5be-4884-8c94-2a83c66110a9,1f570898-9ce3-4f26-8bb8-7265bb97b8d2,59d948a3-37c5-4a2d-b5fa-d41f92d8ef93,call_logged,"{""outcome"": ""rnr"", ""call_count"": 1}",2026-06-02 10:11:58.733299+00
b82ff3e6-a2bb-4729-9aeb-d470ccd4c1c3,69cd3381-7b54-4ab1-a0fa-7a7582a9a0a8,59d948a3-37c5-4a2d-b5fa-d41f92d8ef93,call_logged,"{""outcome"": ""conversing"", ""call_count"": 2}",2026-05-30 11:03:56.733873+00
b8340c68-ba3f-4bdd-b433-113df643a681,c331a5d9-6bb8-4626-9885-18afc87dab5f,59d948a3-37c5-4a2d-b5fa-d41f92d8ef93,status_changed,"{""new_status"": ""touched"", ""old_status"": ""new""}",2026-06-01 11:34:01.519968+00
b8759f15-d763-4272-8028-06c69789a7e1,510c6223-4266-4721-bdd2-342906c7aa68,59d948a3-37c5-4a2d-b5fa-d41f92d8ef93,status_changed,"{""new_status"": ""touched"", ""old_status"": ""new""}",2026-05-30 10:59:07.240628+00
b8cc0b90-6ffb-44ff-9a7c-2c2df102ff3f,381b984b-6bfe-427b-a45a-2f36d9f60045,59d948a3-37c5-4a2d-b5fa-d41f92d8ef93,call_logged,"{""outcome"": ""rnr"", ""call_count"": 1}",2026-06-01 12:19:44.71254+00
b8e69818-bc8d-40df-9a2e-7f3b1aab49d4,5e905eff-8e3c-4470-9d27-f1481ad9b8eb,59d948a3-37c5-4a2d-b5fa-d41f92d8ef93,note_added,"{""call_outcome"": ""rnr""}",2026-06-01 07:46:52.405107+00
b8ff3611-c464-45e9-8f2d-fd1c70e63065,420a5b92-e4a4-4e01-abbd-546531af380a,59d948a3-37c5-4a2d-b5fa-d41f92d8ef93,call_logged,"{""outcome"": ""rnr"", ""call_count"": 1}",2026-06-01 10:23:07.997938+00
ba11fcff-528d-41b0-a787-5bcc4ff8122d,0f8cbcb9-0b1e-45e3-8284-351e30ec75df,59d948a3-37c5-4a2d-b5fa-d41f92d8ef93,note_added,"{""call_outcome"": ""other""}",2026-06-01 10:21:25.111861+00
ba19b436-f070-479d-90f9-f9e3ab2c3a8a,0df887da-8af3-46ee-a4e9-05c9786fa7bf,59d948a3-37c5-4a2d-b5fa-d41f92d8ef93,call_logged,"{""outcome"": ""rnr"", ""call_count"": 2}",2026-06-02 10:38:57.217601+00
bce9d7fe-dfc2-4a35-93b4-5a48e8f1618f,7a7e7636-e536-4275-b18f-e72271a89016,59d948a3-37c5-4a2d-b5fa-d41f92d8ef93,status_changed,"{""reason"": ""Not interested"", ""new_status"": ""junk"", ""old_status"": ""touched""}",2026-05-30 11:53:39.427497+00
bd8528e8-133a-43b1-9ceb-0082a18674d0,96cb39e1-ec04-4741-94fe-77348f79fbb7,59d948a3-37c5-4a2d-b5fa-d41f92d8ef93,call_logged,"{""outcome"": ""rnr"", ""call_count"": 2}",2026-06-03 11:28:21.69406+00
bda93cab-f6e5-456d-8f42-50d3772b29e0,e1161972-5b31-443a-a292-5b4d094cdaab,59d948a3-37c5-4a2d-b5fa-d41f92d8ef93,note_added,"{""call_outcome"": ""rnr""}",2026-06-02 12:21:32.83848+00
be0b8c51-1051-490f-a720-188c0b5a5e81,c331a5d9-6bb8-4626-9885-18afc87dab5f,59d948a3-37c5-4a2d-b5fa-d41f92d8ef93,note_added,"{""call_outcome"": ""conversing""}",2026-06-01 11:34:01.519968+00
be44ea60-73d8-47a0-a860-77b289035df0,b1e888de-3455-4a48-977e-02473f2165a0,59d948a3-37c5-4a2d-b5fa-d41f92d8ef93,note_added,"{""call_outcome"": ""rnr""}",2026-05-28 06:47:47.76336+00
beef7079-58e0-46bd-8702-7e2f75d369e6,c46f7276-800c-4096-8d70-60fd28a206e7,59d948a3-37c5-4a2d-b5fa-d41f92d8ef93,note_added,"{""call_outcome"": ""rnr""}",2026-06-01 10:42:49.606243+00
bef3051e-90ca-449a-b8bb-84c1f1ce149b,1061f6cc-7689-4efa-b8e6-58a33e0b8423,59d948a3-37c5-4a2d-b5fa-d41f92d8ef93,call_logged,"{""outcome"": ""rnr"", ""call_count"": 1}",2026-06-03 09:15:17.117364+00
bf1be02b-999b-4b03-b74f-267a01b0a40b,de76ad06-cf91-473f-8c40-2e88b719cc6e,59d948a3-37c5-4a2d-b5fa-d41f92d8ef93,status_changed,"{""reason"": ""Not interested"", ""new_status"": ""junk"", ""old_status"": ""touched""}",2026-05-28 10:06:28.663412+00
bf344d5b-f687-4e38-b0df-5f618c53dcbe,10e64dcd-b275-42bb-8f52-6e7f08095d96,59d948a3-37c5-4a2d-b5fa-d41f92d8ef93,call_logged,"{""outcome"": ""other"", ""call_count"": 2}",2026-06-01 10:37:30.806371+00
bfb7ee55-9896-492b-92d7-d3576a982064,0df887da-8af3-46ee-a4e9-05c9786fa7bf,59d948a3-37c5-4a2d-b5fa-d41f92d8ef93,note_added,"{""call_outcome"": ""rnr""}",2026-06-01 10:19:34.037279+00
c0224b37-3ebb-477c-a24b-fde9cd50e75d,db3b7e3e-dd5c-4a9a-83ed-7e338948730b,59d948a3-37c5-4a2d-b5fa-d41f92d8ef93,note_added,"{""call_outcome"": ""conversing""}",2026-05-28 09:51:08.888552+00
c0235d66-69ec-46e0-b378-20f76afaaaa5,c205bb68-0756-4710-85e2-2590c8352455,59d948a3-37c5-4a2d-b5fa-d41f92d8ef93,call_logged,"{""outcome"": ""other"", ""call_count"": 1}",2026-06-01 07:44:01.20926+00
c0e5be55-19e7-46e6-8acd-16bef0c5a0f9,8326d56e-367a-4b81-ba69-b2500de15404,59d948a3-37c5-4a2d-b5fa-d41f92d8ef93,status_changed,"{""new_status"": ""touched"", ""old_status"": ""new""}",2026-05-30 09:15:20.644589+00
c3c11db6-c97f-42e8-b070-b904df8354b5,a9db15ce-94e3-4b68-bbcd-f8609b9c8d2b,59d948a3-37c5-4a2d-b5fa-d41f92d8ef93,status_changed,"{""reason"": ""Out of budget"", ""new_status"": ""junk"", ""old_status"": ""touched""}",2026-05-30 11:10:40.928941+00
c48f43b6-d2bf-4781-a057-c19855920a45,0f8cbcb9-0b1e-45e3-8284-351e30ec75df,59d948a3-37c5-4a2d-b5fa-d41f92d8ef93,status_changed,"{""new_status"": ""touched"", ""old_status"": ""new""}",2026-06-01 10:21:25.111861+00
c5d7c9e7-6732-4f02-ab9e-5c1adaefdfa5,c205bb68-0756-4710-85e2-2590c8352455,59d948a3-37c5-4a2d-b5fa-d41f92d8ef93,status_changed,"{""reason"": ""Not interested"", ""new_status"": ""junk"", ""old_status"": ""touched""}",2026-06-03 10:03:45.279079+00
c5f20654-6362-492a-9842-a3533fbb71fb,74dfebe4-3fb0-4c05-83c3-150a0963efb5,59d948a3-37c5-4a2d-b5fa-d41f92d8ef93,note_added,"{""call_outcome"": ""conversing""}",2026-06-01 11:50:16.268848+00
c780ee46-ea48-4bdc-a148-c1c97d119b9b,1061f6cc-7689-4efa-b8e6-58a33e0b8423,59d948a3-37c5-4a2d-b5fa-d41f92d8ef93,note_added,"{""call_outcome"": ""rnr""}",2026-06-03 09:15:17.117364+00
c7aeca62-5a0b-4360-a8bb-470c4a94a132,cf65d3db-cd2d-4652-ab06-b5b38ae423c7,59d948a3-37c5-4a2d-b5fa-d41f92d8ef93,note_added,"{""call_outcome"": ""rnr""}",2026-06-02 10:42:02.275539+00
c7b92776-f4fd-4b2e-9e3c-53a208662b66,dfac614c-348a-4a89-b5a8-5e443ee26d66,59d948a3-37c5-4a2d-b5fa-d41f92d8ef93,note_added,"{""call_outcome"": ""conversing""}",2026-05-29 09:54:21.182681+00
c80a408a-1a65-4d77-a4c9-f5304a1386b5,d20c9cf8-fa33-4a92-b6f0-53bbac2d7dc8,59d948a3-37c5-4a2d-b5fa-d41f92d8ef93,status_changed,"{""new_status"": ""touched"", ""old_status"": ""new""}",2026-05-30 09:25:11.730621+00
ca3eac6d-4f2a-43a4-aba9-d30303ee0441,eb539712-dda0-49c4-9740-11ac72f644ea,59d948a3-37c5-4a2d-b5fa-d41f92d8ef93,note_added,"{""call_outcome"": ""conversing""}",2026-06-01 10:50:15.690443+00
ce216837-2156-4789-a5ab-29b4bf664819,dc309f2f-e935-481f-8cb6-1de56b93e890,59d948a3-37c5-4a2d-b5fa-d41f92d8ef93,call_logged,"{""outcome"": ""rnr"", ""call_count"": 2}",2026-06-03 12:09:41.2518+00
ce66933a-7745-4f59-ac1e-e21f625bd678,cd0cf0cf-243b-4718-a90b-78cc9f4f2eeb,59d948a3-37c5-4a2d-b5fa-d41f92d8ef93,call_logged,"{""outcome"": ""rnr"", ""call_count"": 1}",2026-06-03 07:00:37.743937+00
cfec300a-1856-43a0-af0c-896e4e0d3b1b,5791581b-45f4-4f50-9dd2-69106e9b0e1c,59d948a3-37c5-4a2d-b5fa-d41f92d8ef93,note_added,"{""call_outcome"": ""conversing""}",2026-05-30 11:01:07.123112+00
d05ef856-b5bc-494a-b85a-a90795e371c1,10e64dcd-b275-42bb-8f52-6e7f08095d96,59d948a3-37c5-4a2d-b5fa-d41f92d8ef93,call_logged,"{""outcome"": ""conversing"", ""call_count"": 1}",2026-06-01 10:36:32.161804+00
d1cc2bd9-1246-4d79-a8f5-388e6be22e87,b1e888de-3455-4a48-977e-02473f2165a0,59d948a3-37c5-4a2d-b5fa-d41f92d8ef93,status_changed,"{""new_status"": ""touched"", ""old_status"": ""new""}",2026-05-28 06:47:48.008559+00
d57c9634-6e98-4949-9012-ea2061938e90,0df887da-8af3-46ee-a4e9-05c9786fa7bf,59d948a3-37c5-4a2d-b5fa-d41f92d8ef93,call_logged,"{""outcome"": ""rnr"", ""call_count"": 1}",2026-06-01 10:19:34.037279+00
d5a93fc2-4d13-4747-a22a-4edf616c6077,1f570898-9ce3-4f26-8bb8-7265bb97b8d2,59d948a3-37c5-4a2d-b5fa-d41f92d8ef93,note_added,"{""call_outcome"": ""rnr""}",2026-06-02 10:11:58.733299+00
d8420668-6491-4a83-999c-9dcfa961083f,f32ff053-7623-4d37-bb97-7f0d538a2dc8,59d948a3-37c5-4a2d-b5fa-d41f92d8ef93,status_changed,"{""reason"": ""Not interested"", ""new_status"": ""junk"", ""old_status"": ""touched""}",2026-05-30 10:13:41.679963+00
d879ef28-1820-4f94-b138-14096cde8720,0be4edb1-2d6a-4bd0-9596-78b02767c1a1,59d948a3-37c5-4a2d-b5fa-d41f92d8ef93,status_changed,"{""new_status"": ""touched"", ""old_status"": ""new""}",2026-05-30 09:16:40.165446+00
d953c908-815b-4416-9130-4a9982af3e18,6f74864b-b072-4645-b9f5-28ad755ef908,59d948a3-37c5-4a2d-b5fa-d41f92d8ef93,note_added,"{""call_outcome"": ""conversing""}",2026-06-02 10:14:21.114486+00
d972e9de-c1de-43c7-9bc5-c2f6ad6cd631,c205bb68-0756-4710-85e2-2590c8352455,59d948a3-37c5-4a2d-b5fa-d41f92d8ef93,status_changed,"{""new_status"": ""touched"", ""old_status"": ""new""}",2026-06-01 07:44:01.20926+00
da737d02-af61-481a-a48a-c049ec5e2453,cf65d3db-cd2d-4652-ab06-b5b38ae423c7,59d948a3-37c5-4a2d-b5fa-d41f92d8ef93,call_logged,"{""outcome"": ""rnr"", ""call_count"": 1}",2026-06-01 10:52:40.322983+00
db4dbe0d-5912-4a84-99b6-2fa4af6f0e82,c731b181-11ba-4dcd-9906-ef0c3161d7da,59d948a3-37c5-4a2d-b5fa-d41f92d8ef93,status_changed,"{""new_status"": ""won"", ""old_status"": ""in_discussion""}",2026-05-30 12:47:48.663699+00
dba36881-b073-4cde-963b-2dff4f6a7ae0,69cd3381-7b54-4ab1-a0fa-7a7582a9a0a8,59d948a3-37c5-4a2d-b5fa-d41f92d8ef93,status_changed,"{""new_status"": ""in_discussion"", ""old_status"": ""touched""}",2026-05-30 11:23:12.36617+00
dbd2ba71-ea0c-40f7-ac92-8c51c23a6348,a599bd85-1489-413b-8d35-a015c28b4687,59d948a3-37c5-4a2d-b5fa-d41f92d8ef93,call_logged,"{""outcome"": ""rnr"", ""call_count"": 1}",2026-06-02 10:06:36.905178+00
dc36e65f-da71-40c3-a19a-4e8325a3f824,de76ad06-cf91-473f-8c40-2e88b719cc6e,59d948a3-37c5-4a2d-b5fa-d41f92d8ef93,call_logged,"{""outcome"": ""other"", ""call_count"": 1}",2026-05-28 10:06:07.186582+00
dd1723d6-8499-48fa-875a-f7fc3fc1d0a3,a27a9224-bcd0-4284-a04d-96786330c7db,59d948a3-37c5-4a2d-b5fa-d41f92d8ef93,status_changed,"{""reason"": ""Not interested"", ""new_status"": ""junk"", ""old_status"": ""touched""}",2026-05-30 11:54:13.67966+00
ddbff143-33a6-4059-8d73-c39e28ec5715,a5022d05-e665-4cb6-aa25-c37f100b16a3,59d948a3-37c5-4a2d-b5fa-d41f92d8ef93,call_logged,"{""outcome"": ""rnr"", ""call_count"": 2}",2026-06-02 10:43:43.714001+00
de58657b-5c1c-45f6-987c-1762167d06b2,18b868f1-cf4f-45ad-838a-88f63f4b8795,59d948a3-37c5-4a2d-b5fa-d41f92d8ef93,note_added,"{""call_outcome"": ""rnr""}",2026-05-30 11:32:55.490371+00
df495c93-ca19-4fa0-9197-c33e7f081f5f,863ccfea-dd95-4686-816a-e1bf89143cf6,59d948a3-37c5-4a2d-b5fa-d41f92d8ef93,call_logged,"{""outcome"": ""conversing"", ""call_count"": 1}",2026-05-30 10:16:20.047914+00
e0af3732-1c50-4123-8f98-037fd6e6f184,0f8cbcb9-0b1e-45e3-8284-351e30ec75df,59d948a3-37c5-4a2d-b5fa-d41f92d8ef93,note_added,"{""call_outcome"": ""rnr""}",2026-06-03 11:39:13.824075+00
e0f07409-919d-4e8f-8d08-c8a9b194df4f,69cd3381-7b54-4ab1-a0fa-7a7582a9a0a8,59d948a3-37c5-4a2d-b5fa-d41f92d8ef93,note_added,"{""call_outcome"": ""rnr""}",2026-05-30 11:03:14.53566+00
e1152ee2-b297-4400-8dcb-e686ba9eeaac,fb7a0de1-d2cd-4499-896a-985e87afb900,59d948a3-37c5-4a2d-b5fa-d41f92d8ef93,note_added,"{""call_outcome"": ""other""}",2026-06-01 10:41:23.980282+00
e19ac0f3-6ab3-44c0-a30e-638e4a5e18c8,510c6223-4266-4721-bdd2-342906c7aa68,59d948a3-37c5-4a2d-b5fa-d41f92d8ef93,note_added,"{""call_outcome"": ""other""}",2026-05-30 10:59:07.240628+00
e20922f5-0482-4c2d-9b10-770ead381f8e,ef12f24c-7fab-439c-848e-356701aa598d,59d948a3-37c5-4a2d-b5fa-d41f92d8ef93,status_changed,"{""new_status"": ""touched"", ""old_status"": ""new""}",2026-06-02 12:01:50.391342+00
e20ab8ba-b878-4217-afd6-664b7d9ccb7a,c731b181-11ba-4dcd-9906-ef0c3161d7da,59d948a3-37c5-4a2d-b5fa-d41f92d8ef93,lead_created,"{""domain"": ""house"", ""source"": ""manual"", ""manual_source"": ""referral""}",2026-05-30 12:43:14.230844+00
e6c34e11-fdd6-4602-bb03-e2984f0fc624,521c1a02-15b8-4b96-b26f-d7e4774879c4,59d948a3-37c5-4a2d-b5fa-d41f92d8ef93,status_changed,"{""new_status"": ""touched"", ""old_status"": ""new""}",2026-05-29 09:45:37.60022+00
e8e73ac3-3e1a-4ae8-ad26-25fd072c4869,c731b181-11ba-4dcd-9906-ef0c3161d7da,59d948a3-37c5-4a2d-b5fa-d41f92d8ef93,note_added,"{""call_outcome"": ""conversing""}",2026-05-30 12:43:24.162744+00
ea39d335-5fec-4aef-9661-8e376c399bd4,a5022d05-e665-4cb6-aa25-c37f100b16a3,59d948a3-37c5-4a2d-b5fa-d41f92d8ef93,call_logged,"{""outcome"": ""rnr"", ""call_count"": 3}",2026-06-03 12:28:09.403115+00
ea997ac5-7aab-4544-bef7-217dc8ef6225,4a118361-17c4-4bd6-88cf-21adb788e5c7,59d948a3-37c5-4a2d-b5fa-d41f92d8ef93,note_added,"{""call_outcome"": ""rnr""}",2026-06-01 10:44:50.869605+00
ec5b4f4f-b49a-4ef7-b747-44d54c3c6983,381b984b-6bfe-427b-a45a-2f36d9f60045,59d948a3-37c5-4a2d-b5fa-d41f92d8ef93,call_logged,"{""outcome"": ""rnr"", ""call_count"": 3}",2026-06-02 10:05:31.326565+00
ec5f686f-c74e-478e-b17a-20945fb8dcb5,cf65d3db-cd2d-4652-ab06-b5b38ae423c7,59d948a3-37c5-4a2d-b5fa-d41f92d8ef93,call_logged,"{""outcome"": ""rnr"", ""call_count"": 2}",2026-06-02 10:42:02.275539+00
edabd71e-bb7f-4622-bb94-30191bed460b,568ef8e4-2aa8-4306-89b5-d30d6cd7ba43,59d948a3-37c5-4a2d-b5fa-d41f92d8ef93,note_added,"{""call_outcome"": ""rnr""}",2026-05-28 06:30:47.938973+00
edb71b07-dee5-4475-a2f4-978d51cce900,863ccfea-dd95-4686-816a-e1bf89143cf6,59d948a3-37c5-4a2d-b5fa-d41f92d8ef93,note_added,"{""call_outcome"": ""conversing""}",2026-05-30 10:16:20.047914+00
ee1cf68e-da47-4b14-9cc7-9bebf59f4cb5,22b673b3-ae1b-4fb6-a5d2-7504c41a515d,59d948a3-37c5-4a2d-b5fa-d41f92d8ef93,note_added,"{""call_outcome"": ""conversing""}",2026-06-03 07:05:05.842198+00
eebce767-4aaa-4d55-852f-e49722486894,6f74864b-b072-4645-b9f5-28ad755ef908,59d948a3-37c5-4a2d-b5fa-d41f92d8ef93,call_logged,"{""outcome"": ""conversing"", ""call_count"": 1}",2026-06-02 10:14:21.114486+00
efad81de-63a7-4e96-8e41-eeca80560669,75bf929d-351a-44aa-94e5-db19d980da46,59d948a3-37c5-4a2d-b5fa-d41f92d8ef93,status_changed,"{""reason"": ""Not interested"", ""new_status"": ""junk"", ""old_status"": ""touched""}",2026-05-30 11:06:40.893093+00
f0a35416-1b81-4500-9022-d5784ee3b126,c331a5d9-6bb8-4626-9885-18afc87dab5f,59d948a3-37c5-4a2d-b5fa-d41f92d8ef93,status_changed,"{""reason"": ""Not interested"", ""new_status"": ""junk"", ""old_status"": ""touched""}",2026-06-01 11:34:35.998419+00
f1d1ab87-7065-405f-84f5-a1df919694ea,18b868f1-cf4f-45ad-838a-88f63f4b8795,59d948a3-37c5-4a2d-b5fa-d41f92d8ef93,call_logged,"{""outcome"": ""rnr"", ""call_count"": 1}",2026-05-30 11:32:55.490371+00
f31195d2-f26b-42a3-9ba0-64c9825ec8f8,10e64dcd-b275-42bb-8f52-6e7f08095d96,59d948a3-37c5-4a2d-b5fa-d41f92d8ef93,note_added,"{""call_outcome"": ""conversing""}",2026-06-01 10:36:32.161804+00
f39d5d2c-102c-49ef-9831-e8bb37561f70,891cf554-87d8-4e1f-8085-6d2dff5a12dc,59d948a3-37c5-4a2d-b5fa-d41f92d8ef93,status_changed,"{""reason"": ""Not interested"", ""new_status"": ""junk"", ""old_status"": ""touched""}",2026-05-30 11:31:52.67767+00
f44b33a3-4e56-43d9-8384-6339045b0063,eb009328-63c3-4548-9b8e-bb61c7a6245a,59d948a3-37c5-4a2d-b5fa-d41f92d8ef93,note_added,"{""call_outcome"": ""switched_off""}",2026-06-01 10:53:32.23841+00
f46deedc-570c-44c0-8094-cced573de991,0f8cbcb9-0b1e-45e3-8284-351e30ec75df,59d948a3-37c5-4a2d-b5fa-d41f92d8ef93,call_logged,"{""outcome"": ""rnr"", ""call_count"": 2}",2026-06-03 11:39:13.824075+00
f4c6438a-13f3-4a23-978d-78a06afaac56,4a118361-17c4-4bd6-88cf-21adb788e5c7,59d948a3-37c5-4a2d-b5fa-d41f92d8ef93,call_logged,"{""outcome"": ""rnr"", ""call_count"": 1}",2026-06-01 10:44:50.869605+00
f574241c-d272-4d8a-b164-b4f64c038c9d,a5022d05-e665-4cb6-aa25-c37f100b16a3,59d948a3-37c5-4a2d-b5fa-d41f92d8ef93,note_added,"{""call_outcome"": ""rnr""}",2026-06-01 10:49:23.721388+00
f6603a5c-e90e-42ea-a5ff-045d0507c98d,10e64dcd-b275-42bb-8f52-6e7f08095d96,59d948a3-37c5-4a2d-b5fa-d41f92d8ef93,status_changed,"{""reason"": ""Plans cancelled"", ""new_status"": ""junk"", ""old_status"": ""touched""}",2026-06-03 12:17:18.080882+00
f71b2c75-1b77-4997-9078-3150753b0fb8,60e8f808-4847-4a94-88f5-46dd829d521e,59d948a3-37c5-4a2d-b5fa-d41f92d8ef93,call_logged,"{""outcome"": ""rnr"", ""call_count"": 1}",2026-06-03 09:13:22.194325+00
f8e17c84-d3ab-4ca6-bd8c-3d553bc10705,c731b181-11ba-4dcd-9906-ef0c3161d7da,59d948a3-37c5-4a2d-b5fa-d41f92d8ef93,agent_assigned,"{""method"": ""manual"", ""assigned_to"": ""59d948a3-37c5-4a2d-b5fa-d41f92d8ef93""}",2026-05-30 12:43:14.401943+00
f9aa292e-bcd6-492d-8012-bb62c53470e4,ef12f24c-7fab-439c-848e-356701aa598d,59d948a3-37c5-4a2d-b5fa-d41f92d8ef93,call_logged,"{""outcome"": ""rnr"", ""call_count"": 1}",2026-06-02 12:01:50.391342+00
fb49630a-693b-4fd3-9d0d-c4d226b7dd20,ba4148d2-949b-4e48-ad02-8aaccffdec0d,59d948a3-37c5-4a2d-b5fa-d41f92d8ef93,note_added,"{""call_outcome"": ""switched_off""}",2026-05-28 07:10:04.287246+00
fbb52d02-8606-4c6c-96cd-f4f739979cf1,a599bd85-1489-413b-8d35-a015c28b4687,59d948a3-37c5-4a2d-b5fa-d41f92d8ef93,note_added,"{""call_outcome"": ""rnr""}",2026-06-02 10:06:36.905178+00
fbd4554c-b11b-4081-b426-04df283a7ac5,eb539712-dda0-49c4-9740-11ac72f644ea,59d948a3-37c5-4a2d-b5fa-d41f92d8ef93,call_logged,"{""outcome"": ""rnr"", ""call_count"": 2}",2026-06-02 12:20:01.902847+00
fcde9a7b-cbea-482e-a350-fadbd9062b14,1b485cda-e973-40c7-8b7c-95ab4d74e46d,59d948a3-37c5-4a2d-b5fa-d41f92d8ef93,note_added,"{""call_outcome"": ""conversing""}",2026-05-30 11:38:13.86267+00
ff482a1d-aef3-4c88-9dad-642ee4582d8e,ef12f24c-7fab-439c-848e-356701aa598d,59d948a3-37c5-4a2d-b5fa-d41f92d8ef93,note_added,"{""call_outcome"": ""rnr""}",2026-06-02 12:01:50.391342+00
ffdb2f20-8f27-4642-a1a0-f0b104ebb5af,c331a5d9-6bb8-4626-9885-18afc87dab5f,59d948a3-37c5-4a2d-b5fa-d41f92d8ef93,call_logged,"{""outcome"": ""conversing"", ""call_count"": 1}",2026-06-01 11:34:01.519968+00